Competitor,Positioning,Audience,Messaging,Visual/brand read,Credibility,Weakness/opening,Primary source
DocuSign,Agreement workflow + agreement intelligence,"Enterprise, SMB, global","Trust, connection, agreements, efficiency",Dynamic Connection / Nexus; moving beyond signature,Strong,Signature category legacy can be a constraint,https://www.docusign.com/en-au/blog/next-brand-chapter
Adobe Acrobat Sign,Document ecosystem + e-signature,"Enterprise, professionals","Legal, global, standards, documents",Adobe red/black/white ecosystem; PDF authority,Very strong,Brand is tied to Adobe ecosystem rather than pure trust,https://www.adobe.com/acrobat/business/electronic-signatures.html
Dropbox Sign,Simple eSignature,"SMB, teams","Easy, fast, legally binding",Dropbox blue + broader Dropbox visual system,Strong,Trust story depends on parent ecosystem,https://sign.dropbox.com/products/dropbox-sign
PandaDoc,Document + proposal + contract workflow,"Sales/RevOps, SMB/enterprise","Close deals, automate, brand documents",Bold SaaS/product feel,Strong,Less focused on deep trust infrastructure,https://www.pandadoc.com/features/create/custom-branding/
OneSpan,Secure digital agreements,Regulated enterprise,"Security, identity, compliance",Purple/white enterprise security,Strong,Technical/enterprise perception,https://www.onespan.com/products/digital-agreements
Entrust,Digital signing + identity/PKI infrastructure,"Government, enterprise, TSPs","High assurance, identity, compliance",Purple geometric mark; institutional,Very strong,Can feel infrastructure-first,https://www.entrust.com/products/electronic-digital-signing
GlobalSign,PKI and certificates,"Enterprise, web security",Certificate trust,Blue + eye mark,Strong,Certificate-first mental model,https://www.globalsign.com/en/repository/globalsign-logo-guidelines.pdf
Universign,European trust-service signing,"Business, public sector",Easy + compliant + qualified,European SaaS/TSP,Strong,Compliance-led sameness,https://www.universign.com/en/
Docaposte,Sovereign digital trust,Enterprise/public sector,"Sovereignty, compliance, identity",Institutional French identity,Very strong,Institutional tone may feel less startup-like,https://www.docaposte.com/solutions/signature-electronique
emdha,Saudi trust service provider,Saudi enterprise/government,"Reliable partner, legal, PKI",Technical/security trust,Strong regionally,Local-market orientation,https://emdha.sa/
Signit,Saudi digital-trust backbone,Saudi enterprise/public sector,"Digital trust, AI, compliance",Modern Saudi SaaS/trust,Strong regionally,Potential overlap with broad trust-platform claims,https://signit.sa/en/about
Ethaq Plus,Government-backed UAE digital signing,UAE government/private sector/TSPs,"Certified, scalable, trusted",Government/infrastructure,Strong regionally,UAE-specific association,https://www.desc.gov.ae/ethaqplus/
SDAIA Digital Certification,Institutional digital certification/seal,Saudi government entities,"Digital certificates, stamps, legality",Government-service identity,Very strong institutional,Not a standalone global brand competitor,https://sdaia.gov.sa/en/Services/Pages/DigitalCertification.aspx
Barid eSign,Morocco trust/certification,Moroccan market,"Legal evidence, certificates, timestamping",Institutional/local trust,Strong regionally,Infrastructure terminology is technical,https://www.baridmedia.ma/wp-content/uploads/2024/11/PS-BaridMedia-iMDAE-1.2.504.1.1.3.1.1.0.1.2.pdf
Codegic Khatim,PKI/signing/verification product family,Enterprise/TSP,"Cryptographic signatures, PKI, verification",Technical product family,Very strong in category,Exact naming collision with Khatim,https://www.codegic.com/products/
